{
  "k1": {
    "z": {
      "l0_min": 0.2,
      "l0_max": 0.2,
      "span": 2.8
    },
    "orient_mean": 0.3332872411772814,
    "fea": {
      "rx": 423.51694495126776,
      "k_eff": 2117.584724756339,
      "kt": 3.2530457328010245,
      "vm_max": 17.796822255082194
    }
  },
  "k2_steer_floor": {
    "z": {
      "l0_min": 0.2,
      "l0_max": 0.2,
      "span": 2.8
    },
    "orient_mean": 0.38381368102935604,
    "fea": {
      "rx": 459.5400959054664,
      "k_eff": 2297.700479527332,
      "kt": 3.3959475822446605,
      "vm_max": 20.178179904651813
    }
  },
  "path_change": {
    "median_endpoint_shift_mm": 0.09922911115192698,
    "p95_endpoint_shift_mm": 0.1200024020592907,
    "max_endpoint_shift_mm": 0.120006487324645
  },
  "ratios": {
    "k_eff_k2_over_k1": 1.0850571656780903,
    "kt_k2_over_k1": 1.0439286321746823,
    "vm_max_k2_over_k1": 1.1338080256934397,
    "orient_mean_k2_over_k1": 1.1516002823078328
  }
}