{
  "config": {
    "grid_step": 0.8,
    "layer_height": 0.2,
    "theta_target_deg": 25.0,
    "theta_max_deg": 40.0,
    "blend_start_frac": 0.2,
    "blend_end_frac": 0.85,
    "terrace_min_gap_mm": 0.6
  },
  "models": {
    "3DBenchy.stl": {
      "k1": {
        "flex_k_used": 1,
        "num_valid": 2310,
        "terrace_samples": 0,
        "disp_mean_abs": 1.104630844605479,
        "disp_p95_abs": 3.0118854512275615,
        "disp_max_abs": 4.930772902504605,
        "low_high_delta_mean": 0.0,
        "low_high_delta_p95": 0.0,
        "low_high_delta_gt_0p05_frac": 0.0,
        "unique_signatures": 5,
        "change_events": 4,
        "total_components": 335,
        "max_components": 3,
        "runtime_s": 1.5255100000013044
      },
      "k2": {
        "flex_k_used": 2,
        "num_valid": 2310,
        "terrace_samples": 2305,
        "disp_mean_abs": 1.2515087680083639,
        "disp_p95_abs": 3.566830538031404,
        "disp_max_abs": 7.426705101395182,
        "low_high_delta_mean": 0.39634102106623936,
        "low_high_delta_p95": 3.4528245171805327,
        "low_high_delta_gt_0p05_frac": 0.13297045101088648,
        "unique_signatures": 18,
        "change_events": 17,
        "total_components": 573,
        "max_components": 4,
        "runtime_s": 1.5894351660008397
      }
    },
    "test_sphere.stl": {
      "k1": {
        "flex_k_used": 1,
        "num_valid": 480,
        "terrace_samples": 0,
        "disp_mean_abs": 2.6019207866259273,
        "disp_p95_abs": 4.130657009148354,
        "disp_max_abs": 4.353511195058578,
        "low_high_delta_mean": 0.0,
        "low_high_delta_p95": 0.0,
        "low_high_delta_gt_0p05_frac": 0.0,
        "unique_signatures": 5,
        "change_events": 4,
        "total_components": 279,
        "max_components": 1,
        "runtime_s": 0.1353960830001597
      },
      "k2": {
        "flex_k_used": 2,
        "num_valid": 480,
        "terrace_samples": 480,
        "disp_mean_abs": 2.328897022099469,
        "disp_p95_abs": 3.8736451303138444,
        "disp_max_abs": 4.353511195058578,
        "low_high_delta_mean": 0.9629078795213983,
        "low_high_delta_p95": 4.053475598753418,
        "low_high_delta_gt_0p05_frac": 0.2631578947368421,
        "unique_signatures": 11,
        "change_events": 11,
        "total_components": 380,
        "max_components": 5,
        "runtime_s": 0.136420167000324
      }
    },
    "test_cube.stl": {
      "k1": {
        "flex_k_used": 1,
        "num_valid": 676,
        "terrace_samples": 0,
        "disp_mean_abs": 0.0,
        "disp_p95_abs": 0.0,
        "disp_max_abs": 0.0,
        "low_high_delta_mean": 0.0,
        "low_high_delta_p95": 0.0,
        "low_high_delta_gt_0p05_frac": 0.0,
        "unique_signatures": 1,
        "change_events": 0,
        "total_components": 90,
        "max_components": 1,
        "runtime_s": 0.2103343329999916
      },
      "k2": {
        "flex_k_used": 2,
        "num_valid": 676,
        "terrace_samples": 676,
        "disp_mean_abs": 0.0,
        "disp_p95_abs": 0.0,
        "disp_max_abs": 0.0,
        "low_high_delta_mean": 0.0,
        "low_high_delta_p95": 0.0,
        "low_high_delta_gt_0p05_frac": 0.0,
        "unique_signatures": 1,
        "change_events": 0,
        "total_components": 90,
        "max_components": 1,
        "runtime_s": 0.20293175000006158
      }
    }
  },
  "ratios": {
    "3DBenchy.stl": {
      "unique_signature_ratio_k2_over_k1": 3.6,
      "change_event_ratio_k2_over_k1": 4.25,
      "total_component_ratio_k2_over_k1": 1.7104477611940299,
      "disp_mean_abs_ratio_k2_over_k1": 1.1329656184418269,
      "runtime_ratio_k2_over_k1": 1.041904127799543
    },
    "test_sphere.stl": {
      "unique_signature_ratio_k2_over_k1": 2.2,
      "change_event_ratio_k2_over_k1": 2.75,
      "total_component_ratio_k2_over_k1": 1.3620071684587813,
      "disp_mean_abs_ratio_k2_over_k1": 0.8950683795103135,
      "runtime_ratio_k2_over_k1": 1.007563616151016
    },
    "test_cube.stl": {
      "unique_signature_ratio_k2_over_k1": 1.0,
      "change_event_ratio_k2_over_k1": null,
      "total_component_ratio_k2_over_k1": 1.0,
      "disp_mean_abs_ratio_k2_over_k1": null,
      "runtime_ratio_k2_over_k1": 0.9648056363678377
    }
  }
}