{
  "k1": {
    "extrusion_moves": 19587,
    "first_layer_z_min": 0.2,
    "first_layer_z_max": 0.2,
    "global_z_min": 0.2,
    "global_z_max": 12.91694,
    "layer_span_mean": 0.20369825396825403,
    "layer_span_p95": 0.28788,
    "layer_span_max": 0.29498999999999986
  },
  "k2": {
    "extrusion_moves": 19366,
    "first_layer_z_min": 0.2,
    "first_layer_z_max": 0.2,
    "global_z_min": 0.2,
    "global_z_max": 12.91694,
    "layer_span_mean": 0.20496317460317467,
    "layer_span_p95": 0.3016499999999997,
    "layer_span_max": 0.3155000000000001
  },
  "k2_minus_k1": {
    "layer_span_mean_delta": 0.0012649206349206465,
    "layer_span_p95_delta": 0.013769999999999671,
    "layer_span_max_delta": 0.02051000000000025,
    "matched_move_abs_dz_mean": 0.06913032686150986,
    "matched_move_abs_dz_p95": 0.30330999999999975,
    "matched_move_abs_dz_max": 0.47386000000000017
  }
}