{
  "planar": {
    "moves": 14744,
    "layers_with_extrusion": 64,
    "first_layer_z_min": 0.2,
    "first_layer_z_max": 0.2,
    "global_z_min": 0.2,
    "global_z_max": 12.8,
    "layer_span_mean": 0.0,
    "layer_span_p95": 0.0,
    "layer_span_max": 0.0
  },
  "k1": {
    "moves": 19587,
    "layers_with_extrusion": 63,
    "first_layer_z_min": 0.2,
    "first_layer_z_max": 0.2,
    "global_z_min": 0.2,
    "global_z_max": 12.91694,
    "layer_span_mean": 0.20369825396825403,
    "layer_span_p95": 0.28788,
    "layer_span_max": 0.29498999999999986
  },
  "k2": {
    "moves": 19366,
    "layers_with_extrusion": 63,
    "first_layer_z_min": 0.2,
    "first_layer_z_max": 0.2,
    "global_z_min": 0.2,
    "global_z_max": 12.91694,
    "layer_span_mean": 0.20496317460317467,
    "layer_span_p95": 0.3016499999999997,
    "layer_span_max": 0.3155000000000001
  },
  "vs_planar": {
    "k1_layer_span_mean_delta_mm": 0.20369825396825403,
    "k2_layer_span_mean_delta_mm": 0.20496317460317467,
    "k1_layer_span_p95_delta_mm": 0.28788,
    "k2_layer_span_p95_delta_mm": 0.3016499999999997,
    "k1_layer_span_max_delta_mm": 0.29498999999999986,
    "k2_layer_span_max_delta_mm": 0.3155000000000001,
    "k1_span_p95_as_pct_layer_height": 143.94,
    "k2_span_p95_as_pct_layer_height": 150.82499999999985,
    "k1_span_max_as_pct_layer_height": 147.49499999999992,
    "k2_span_max_as_pct_layer_height": 157.75000000000006,
    "k1_moves_pct_vs_planar": 32.84725990233316,
    "k2_moves_pct_vs_planar": 31.348345089527946
  }
}